﻿<parameters>
  <parameter name="IIS Web Application Name" defaultValue="TaskTracer" tags="IisApp">
    <parameterEntry kind="ProviderPath" scope="AppHostConfig" match="^TaskTracker$" />
    <parameterEntry kind="ProviderPath" scope="contentPath" match="^C:\\Users\\Valentin\\documents\\visual\ studio\ 2013\\Projects\\TaskTracker\\TaskTracker\\obj\\Debug\\Package\\PackageTmp$" />
    <parameterEntry kind="ProviderPath" scope="setAcl" match="^C:\\Users\\Valentin\\documents\\visual\ studio\ 2013\\Projects\\TaskTracker\\TaskTracker\\obj\\Debug\\Package\\PackageTmp$" />
  </parameter>
  <parameter name="IIS Web Application Pool Name" defaultValue="ASP.NET v4.0">
    <parameterEntry kind="DeploymentObjectAttribute" scope="application" match="application[@applicationPool='Clr4IntegratedAppPool']/@applicationPool" />
  </parameter>
  <parameter name="IisVirtualDirectoryPhysicalPath" defaultValue="C:\Users\Valentin\documents\visual studio 2013\Projects\TaskTracker\TaskTracker_deploy" tags="PhysicalPath">
    <parameterEntry kind="DestinationVirtualDirectory" scope=".*" match="^C:\\Users\\Valentin\\documents\\visual\ studio\ 2013\\Projects\\TaskTracker\\TaskTracker$" />
  </parameter>
  <parameter name="TaskTrackerDbConnection-Web.config Connection String" defaultValue="Data Source=LAPTOP;Initial Catalog=TaskTracker;Integrated Security=True">
    <parameterEntry kind="XmlFile" scope="C:\\Users\\Valentin\\documents\\visual\ studio\ 2013\\Projects\\TaskTracker\\TaskTracker\\obj\\Debug\\Package\\PackageTmp\\Web\.config$" match="/configuration/connectionStrings/add[@name='TaskTrackerDbConnection']/@connectionString" />
  </parameter>
</parameters>